{
    "300MIUM-1316": 1776081775.5720494,
    "390JAC-174": 1764246955.8826804,
    "390JAC-160": 1764246955.020561,
    "390JAC-167": 1764246957.3096967,
    "BLK-470": 1779890089.416975,
    "ALDN-355": 1773490920.9839153,
    "ADN-732": 1772270889.9303663,
    "ATID-637": 1781682967.7228796,
    "SNOS-217": 1780066497.7357552,
    "FSDSS-102": 1771163034.9490385,
    "MIAD-632": 1764246960.4016721,
    "JUFD-924": 1771165680.1546395,
    "NSFS-324": 1778679086.1548865,
    "MFYD-014": 1768292971.9773242,
    "FSDSS-513": 1772267550.0471087,
    "IPX-620": 1764246960.4005318,
    "FSDSS-673": 1772267149.1679783,
    "JUFE-088": 1773405923.3962219,
    "IPX-621": 1771158084.9642706,
    "DVAJ-737": 1777382284.7975786,
    "JUQ-340": 1771166371.949287,
    "CETD-133": 1771145913.9195495,
    "FLVA-047": 1764246955.2852883,
    "SONE-985": 1764246954.9131627,
    "CAWD-299": 1764584701.548597,
    "DVAJ-724": 1779287371.2826986,
    "IPX-633": 1771164284.209343,
    "JUR-040": 1764246960.6341648,
    "EBWH-322": 1776670935.542668,
    "PAKO-031": 1781346961.2137074,
    "SHKD-744": 1764250683.2325978,
    "DASS-787": 1771987558.978225,
    "HZGD-233": 1771163864.5477676,
    "IPX-697": 1771164527.6942422,
    "DASD-866": 1764246954.5764933,
    "JUL-134": 1764246961.618561,
    "JUR-754": 1780410816.891992,
    "JUFD-833": 1780840700.088556,
    "PGD-932": 1771160894.3480015,
    "FSDSS-188": 1771163259.6217263,
    "JUR-435": 1764246957.2881095,
    "PRED-099": 1771159552.568795,
    "HMPD-10007": 1771160220.3025334,
    "PGD-880": 1771160475.2655857,
    "JUR-343": 1764246954.9008303,
    "JUL-721": 1780842939.5827801,
    "JUR-633": 1773038927.5741794,
    "PRED-739": 1771490895.162327,
    "WANZ-649": 1771168296.4937003,
    "FSDSS-548": 1772267729.715584,
    "PGD-718": 1764583437.7559779,
    "PGD-896": 1764402831.5784674,
    "ROYD-110": 1771167481.7245574,
    "JUFE-143": 1764246960.6316152,
    "JUR-615": 1772272703.9019969,
    "HZGD-011": 1771160681.4318662,
    "KBR-030": 1764246960.45784,
    "WANZ-929": 1776081535.8377697,
    "FSDSS-586": 1764246957.4321988,
    "JUFD-421": 1771165363.97995,
    "MILLE-001": 1764246955.7295816,
    "KBR-026": 1764246957.307082,
    "JUQ-924": 1764934218.955061,
    "SNOS-082": 1773213930.6862164,
    "VENX-344": 1764246974.4813983,
    "DASS-968": 1780410130.0930223,
    "MVSD-662": 1764246957.3099716,
    "ADN-778": 1778059120.0,
    "PRED-296": 1771166900.4276245,
    "SSNI-782": 1773909893.004489,
    "MIAB-418": 1771129441.6558125,
    "DVMM-232": 1780391134.2804058,
    "PGD-526": 1764246960.7275002,
    "PPPD-945": 1778212807.9911108,
    "SNOS-052": 1778419261.2410626,
    "JUQ-710": 1764938249.6193497,
    "PFES-085": 1764246957.3104186,
    "JUQ-843": 1764246954.8710585,
    "JAC-025": 1771165059.4985976,
    "NDRA-089": 1764841252.298648,
    "JUR-448": 1775808503.8123121,
    "IPX-588": 1764246958.3185968,
    "SSNI-444": 1780651996.9255292,
    "PRED-743": 1771129832.8544087,
    "DLDSS-385": 1764246954.7030504,
    "NMSL-005": 1781351536.5602348,
    "DVRT-074": 1778679754.9013112,
    "DASS-937": 1779543125.7524123,
    "JUL-788": 1781098472.2007818,
    "JUFD-730": 1771165549.007653,
    "DASS-891": 1774249933.0092561,
    "JUR-466": 1764246958.4373999,
    "DASS-715": 1764246958.309871,
    "MANX-028": 1776669248.7894664,
    "SMBD-145": 1685276818.0,
    "CEMD-783": 1768292733.4438868,
    "JUR-713": 1778681997.688548,
    "SSNI-443": 1777882132.8075092
}